INSTID,UKPRN,Region of HE provider,HE provider,Full-time postgraduate - UK domicile - Higher degree (research),Full-time postgraduate - UK domicile - Higher degree (taught),Full-time postgraduate - UK domicile - Other postgraduate,Full-time postgraduate - UK domicile - Total UK domicile,Full-time postgraduate - Other EU domicile - Higher degree (research),Full-time postgraduate - Other EU domicile - Higher degree (taught),Full-time postgraduate - Other EU domicile - Other postgraduate,Full-time postgraduate - Other EU domicile - Total other EU domicile,Full-time postgraduate - Non-EU domicile - Higher degree (research),Full-time postgraduate - Non-EU domicile - Higher degree (taught),Full-time postgraduate - Non-EU domicile - Other postgraduate,Full-time postgraduate - Non-EU domicile - Total non-EU domicile,Full-time postgraduate - Not known domicile - Higher degree (research),Full-time postgraduate - Not known domicile - Higher degree (taught),Full-time postgraduate - Not known domicile - Other postgraduate,Full-time postgraduate - Not known domicile - Total non-EU domicile,Full-time postgraduate - All domiciles - Higher degree (research),Full-time postgraduate - All domiciles - Higher degree (taught),Full-time postgraduate - All domiciles - Other postgraduate,Full-time postgraduate - All domiciles - Total full-time postgraduate,Part-time postgraduate - UK domicile - Higher degree (research),Part-time postgraduate - UK domicile - Higher degree (taught),Part-time postgraduate - UK domicile - Other postgraduate,Part-time postgraduate - UK domicile - Total UK domicile,Part-time postgraduate - Other EU domicile - Higher degree (research),Part-time postgraduate - Other EU domicile - Higher degree (taught),Part-time postgraduate - Other EU domicile - Other postgraduate,Part-time postgraduate - Other EU domicile - Total other EU domicile,Part-time postgraduate - Non-EU domicile - Higher degree (research),Part-time postgraduate - Non-EU domicile - Higher degree (taught),Part-time postgraduate - Non-EU domicile - Other postgraduate,Part-time postgraduate - Non-EU domicile - Total non-EU domicile,Part-time postgraduate - Not known domicile - Higher degree (research),Part-time postgraduate - Not known domicile - Higher degree (taught),Part-time postgraduate - Not known domicile - Other postgraduate,Part-time postgraduate - Not known domicile - Total non-EU domicile,Part-time postgraduate - All domiciles - Higher degree (research),Part-time postgraduate - All domiciles - Higher degree (taught),Part-time postgraduate - All domiciles - Other postgraduate,Part-time postgraduate - All domiciles - Total Part-time postgraduate,Full-time undergraduate - UK domicile - First degree,Full-time undergraduate - UK domicile - Other undergraduate,Full-time undergraduate - UK domicile - Total UK domicile,Full-time undergraduate - Other EU domicile - First degree,Full-time undergraduate - Other EU domicile - Other undergraduate,Full-time undergraduate - Other EU domicile - Total other EU domicile,Full-time undergraduate - Non-EU domicile - First degree,Full-time undergraduate - Non-EU domicile - Other undergraduate,Full-time undergraduate - Non-EU domicile - Total non-EU domicile,Full-time undergraduate - Not known domicile - First degree,Full-time undergraduate - Not known domicile - Other undergraduate,Full-time undergraduate - Not known domicile - Total non-EU domicile,Full-time undergraduate - All domiciles - First degree,Full-time undergraduate - All domiciles - Other undergraduate,Full-time undergraduate - All domiciles - Total full-time undergraduate,Part-time undergraduate - UK domicile - First degree,Part-time undergraduate - UK domicile - Other undergraduate,Part-time undergraduate - UK domicile - Total UK domicile,Part-time undergraduate - Other EU domicile - First degree,Part-time undergraduate - Other EU domicile - Other undergraduate,Part-time undergraduate - Other EU domicile - Total other EU domicile,Part-time undergraduate - Non-EU domicile - First degree,Part-time undergraduate - Non-EU domicile - Other undergraduate,Part-time undergraduate - Non-EU domicile - Total non-EU domicile,Part-time undergraduate - Not known domicile - First degree,Part-time undergraduate - Not known domicile - Other undergraduate,Part-time undergraduate - Not known domicile - Total non-EU domicile,Part-time undergraduate - All domiciles - First degree,Part-time undergraduate - All domiciles - Other undergraduate,Part-time undergraduate - All domiciles - Total Part-time undergraduate,Female,Male,Other,20 and under,21-24,25-29,30 and over,Age unknown,Known to have a disability,No known disability,White,Black,Asian,Other ethnicity (including mixed),Ethnicity not known,Total UK domiciled students,Total students
0047,10000291,EAST,Anglia Ruskin University,110,470,70,650,20,140,0,165,180,780,0,960,0,0,0,0,315,1390,70,1775,300,740,685,1725,35,25,0,60,35,65,5,105,0,0,0,0,365,830,695,1890,12035,765,12795,635,5,640,985,0,985,0,0,0,13650,770,14425,1000,1785,2785,20,15,35,15,15,25,0,0,0,1030,1815,2845,12760,8170,0,6565,5150,2860,6345,10,2365,18570,12270,2700,1675,945,365,17955,20935
0108,10007759,WMID,Aston University,85,310,40,435,10,160,15,185,75,585,25,685,0,0,0,0,175,1055,80,1305,60,515,430,1010,0,35,20,55,5,30,35,70,0,0,0,0,65,580,490,1135,7810,165,7975,380,5,390,750,55,805,0,0,0,8940,225,9165,660,55,715,30,10,45,65,65,130,0,0,0,760,130,885,5990,6500,0,6610,3835,975,1065,5,880,11615,3720,1135,4565,560,150,10130,12495
0048,10000571,SWES,Bath Spa University,15,150,490,655,0,25,5,30,15,255,0,275,0,0,0,0,30,430,495,955,70,390,390,855,5,5,5,15,0,10,5,15,0,0,0,0,75,410,400,885,4895,345,5245,150,5,155,275,30,305,0,0,0,5320,380,5705,80,5,80,0,0,0,0,0,0,0,0,0,80,5,80,5185,2445,0,4065,1835,555,1180,0,1460,6170,6250,110,125,270,80,6835,7630
0109,10007850,SWES,The University of Bath,410,250,45,710,120,125,5,250,250,1050,5,1305,0,0,0,0,780,1430,60,2265,225,605,460,1290,60,75,10,150,145,190,25,360,0,0,0,0,425,875,500,1800,9205,140,9345,1135,5,1135,1495,0,1495,0,0,0,11830,145,11975,20,85,105,0,10,10,0,0,0,0,0,0,20,95,115,7510,8645,0,8600,4780,1075,1700,0,1130,15025,9770,240,815,550,80,11455,16155
0026,10007152,EAST,University of Bedfordshire,35,365,455,855,5,80,0,85,110,575,5,690,0,0,0,0,150,1015,460,1630,100,625,590,1320,10,45,10,65,15,415,10,440,0,0,0,0,130,1085,610,1825,7245,210,7460,585,5,585,535,5,540,0,0,0,8365,220,8585,1330,835,2165,45,15,60,120,15,135,0,0,0,1495,870,2360,8915,5485,0,4310,4285,1930,3875,0,1205,13195,6020,3105,1745,725,200,11800,14400
0127,10007760,LOND,Birkbeck College,165,325,0,495,40,105,0,140,85,215,5,310,0,0,0,0,290,645,5,940,290,2380,190,2860,30,110,15,155,10,65,15,85,0,0,0,0,335,2550,220,3105,2460,95,2560,140,0,140,160,10,170,0,0,0,2760,110,2870,2520,2545,5065,105,75,180,15,70,90,0,0,0,2640,2695,5335,6555,5680,10,940,2085,2795,6430,0,1690,10560,6340,2090,1245,1150,155,10975,12245
0052,10007140,WMID,Birmingham City University,95,290,530,915,10,40,5,55,80,900,15,995,0,0,0,0,185,1235,550,1970,195,885,1210,2290,5,20,10,35,5,10,40,55,0,0,0,0,205,915,1260,2380,14780,735,15515,525,15,540,955,140,1090,0,0,0,16260,885,17145,695,1830,2525,5,10,20,15,15,30,0,0,0,715,1855,2575,15240,8820,0,10055,6380,2740,4890,0,2275,21790,12260,2630,4885,1205,260,21240,24065
0110,10006840,WMID,The University of Birmingham,1035,1070,645,2750,255,215,15,485,805,2745,10,3555,0,0,0,0,2090,4030,675,6795,515,2920,1370,4810,60,150,35,245,95,250,40,385,0,95,5,100,670,3415,1455,5540,17550,5,17555,600,35,630,2215,0,2215,0,0,0,20360,40,20400,5,990,995,0,80,80,0,20,20,0,0,0,5,1090,1095,18900,14930,0,15590,9095,3090,6055,5,3140,30690,19425,1170,3780,1240,490,26110,33830
0200,10000712,WMID,University College Birmingham,0,25,65,90,0,30,5,30,0,140,50,190,0,0,0,0,0,195,120,315,0,25,30,55,0,5,70,75,0,10,0,10,0,0,0,0,0,40,100,140,1950,1085,3035,425,95,515,315,45,360,0,0,0,2690,1220,3910,240,370,605,10,5,15,15,30,40,0,0,0,260,400,660,3535,1490,0,2195,1760,490,580,0,410,4615,1805,755,845,380,5,3790,5025
0007,10007811,EMID,Bishop Grosseteste University,5,5,265,275,0,0,0,0,0,0,0,0,0,0,0,0,5,5,265,275,15,65,30,110,0,0,0,0,0,0,0,0,0,0,0,0,15,65,30,110,1610,220,1830,0,0,0,0,0,0,0,0,0,1615,220,1835,0,15,15,0,0,0,0,5,5,0,0,0,0,20,20,1800,435,0,1105,520,200,410,0,515,1720,2150,15,25,40,5,2230,2235
0049,10006841,NWES,The University of Bolton,35,30,175,240,5,15,0,20,75,70,5,150,0,0,0,0,115,115,180,410,55,200,460,715,0,0,0,0,0,0,5,10,0,0,0,0,55,200,465,725,2990,725,3715,110,10,120,130,10,140,0,0,0,3230,745,3975,475,670,1145,5,5,10,5,55,55,0,0,0,485,725,1210,3520,2800,5,1750,1510,845,2215,0,925,5400,3895,730,810,315,65,5815,6320
0197,10000385,SWES,The Arts University Bournemouth,5,20,10,35,0,10,0,10,0,20,5,20,0,0,0,0,5,45,15,65,5,15,0,15,0,5,0,5,0,5,0,5,0,0,0,0,5,20,0,25,2700,0,2700,180,0,180,250,0,250,0,0,0,3130,0,3130,20,0,20,0,0,0,0,0,0,0,0,0,20,0,20,2285,950,5,2140,925,105,70,0,535,2705,2455,80,90,135,5,2765,3240
0050,10000824,SWES,Bournemouth University,150,305,80,535,35,190,0,230,140,920,5,1065,0,0,0,0,330,1415,85,1825,190,260,1375,1825,15,30,20,65,20,60,20,100,0,0,0,0,225,355,1415,1995,11240,295,11535,590,5,595,440,20,460,0,0,0,12270,315,12590,570,1925,2495,35,10,45,75,20,95,0,0,0,680,1955,2635,10955,8090,0,8005,4810,1900,4325,5,2420,16625,13835,890,730,670,265,16390,19045
0111,10007785,YORH,The University of Bradford,75,185,10,270,10,60,0,70,160,275,0,435,0,0,0,0,240,520,10,775,90,670,1235,1995,5,5,10,20,0,5,20,30,0,0,0,0,95,685,1265,2045,6605,20,6625,435,0,440,595,0,595,0,0,0,7635,20,7660,505,185,690,15,0,15,30,0,30,0,0,0,550,185,740,6210,5000,0,4280,3075,1205,2650,0,1330,9880,3840,815,4415,440,75,9575,11215
0051,10000886,SEAS,The University of Brighton,120,440,385,945,35,160,25,215,115,385,20,520,0,0,0,0,270,985,430,1680,175,990,960,2120,20,55,25,105,5,25,30,60,0,0,0,0,200,1070,1010,2280,12320,285,12605,760,5,770,1005,20,1020,0,0,0,14090,310,14395,1080,1485,2565,30,55,85,70,55,125,0,0,0,1180,1595,2775,12615,8515,0,8630,5340,2335,4820,5,3050,18085,14300,1115,1375,1210,230,18235,21135
0112,10007786,SWES,The University of Bristol,1080,620,205,1905,200,145,10,355,440,1215,15,1670,0,0,0,0,1720,1980,230,3925,230,585,275,1090,25,40,0,65,50,40,5,95,0,0,0,0,300,665,285,1250,13880,15,13900,680,0,680,1780,0,1785,0,0,0,16345,20,16360,255,40,290,10,0,10,65,0,65,0,0,0,330,40,365,11685,10205,15,11865,6660,1690,1690,0,2045,19860,14675,270,1045,970,225,17185,21905
0113,10000961,LOND,Brunel University London,120,735,210,1065,35,230,5,270,340,1680,0,2025,0,0,0,0,500,2645,215,3360,140,455,70,665,20,80,5,105,15,165,0,180,0,0,0,0,175,705,75,950,7640,5,7645,435,0,435,1495,0,1500,0,0,0,9575,5,9580,215,5,220,5,0,5,45,0,45,0,0,0,270,5,275,6490,7675,0,6605,4430,1580,1550,0,1365,12795,3875,1575,2965,1095,90,9600,14165
0009,10000975,SEAS,Buckinghamshire New University,5,60,185,245,0,0,10,15,5,65,0,70,0,0,0,0,5,130,195,330,25,250,340,620,0,10,5,20,0,10,0,10,0,0,0,0,30,270,350,650,5060,300,5365,500,0,500,60,0,60,0,0,0,5625,300,5925,305,1290,1590,20,15,35,5,40,45,0,0,0,330,1345,1675,5090,3490,0,3180,1850,925,2620,0,970,7610,4640,1470,1165,435,105,7820,8580
0203,10007787,SEAS,The University of Buckingham,105,165,515,785,5,15,25,45,40,220,15,275,0,0,0,0,150,400,555,1105,45,30,0,75,0,5,0,5,5,0,0,5,0,0,0,0,50,35,0,85,560,0,560,60,0,60,525,0,525,0,0,0,1145,0,1145,65,0,65,0,0,0,0,0,0,0,0,0,65,0,65,1105,1290,0,515,730,460,690,0,290,2110,905,150,150,70,205,1480,2400
0114,10007788,EAST,The University of Cambridge,1825,240,335,2400,1035,315,15,1365,1855,755,10,2615,0,0,0,0,4715,1310,355,6380,670,90,255,1015,20,0,5,25,10,5,5,20,0,0,0,0,705,95,260,1060,9395,10,9405,1025,5,1030,1460,10,1470,0,0,0,11880,25,11905,0,315,315,0,0,0,0,0,0,0,0,0,0,315,315,9025,10630,10,8805,6220,2655,1975,0,1655,18005,10420,185,1365,810,355,13135,19660
0188,10003324,LOND,The Institute of Cancer Research,95,0,0,95,10,0,0,10,5,0,0,5,0,0,0,0,115,0,0,115,30,130,0,160,0,0,0,0,0,0,0,0,0,0,0,0,30,130,0,165,0,0,0,0,0,0,0,0,0,0,0,0,0,0,0,0,0,0,0,0,0,0,0,0,0,0,0,0,0,0,165,110,0,0,30,75,170,0,10,270,150,5,70,15,15,260,275
0012,10001143,SEAS,Canterbury Christ Church University,200,135,610,945,10,5,10,25,20,35,0,55,0,0,0,0,230,175,620,1025,255,500,1120,1875,5,5,15,25,5,5,5,15,0,0,0,0,270,510,1135,1915,9145,690,9835,455,0,460,65,5,70,0,0,0,9665,695,10360,1000,1595,2595,5,35,40,0,125,125,0,0,0,1000,1755,2755,10995,5060,0,5950,3280,1805,5020,0,2215,13840,11935,1725,695,600,290,15245,16055
0053,10007141,NWES,The University of Central Lancashire,145,475,60,680,25,35,0,55,110,325,10,445,0,0,0,0,280,835,70,1180,370,1120,1435,2925,20,30,10,60,25,70,20,115,0,0,0,0,415,1220,1465,3095,14205,760,14965,325,10,335,1075,10,1085,0,0,0,15610,780,16390,1500,1975,3475,35,50,80,70,160,235,0,0,0,1605,2185,3790,13830,10630,0,9275,6140,2815,6230,0,2370,22090,16980,895,2560,745,865,22045,24460
0011,10007848,NWES,University of Chester,50,270,435,755,5,15,10,30,30,235,0,270,0,0,0,0,90,520,445,1050,310,1340,1280,2930,10,40,30,80,5,10,10,25,0,0,0,0,320,1395,1320,3035,8265,365,8630,95,0,95,330,0,330,0,0,0,8685,365,9050,590,1155,1750,0,0,5,25,0,25,0,0,0,620,1160,1775,10100,4820,0,6110,2895,1530,4375,0,1520,13395,12765,330,410,365,195,14060,14915
0082,10007137,SEAS,The University of Chichester,20,105,205,330,0,5,10,20,5,5,0,10,0,0,0,0,30,115,220,360,60,220,200,480,0,0,0,5,0,0,0,0,0,0,0,0,60,220,200,485,3945,200,4145,40,0,40,80,0,80,0,0,0,4070,200,4270,215,185,400,5,0,5,0,0,0,0,0,0,220,185,405,3435,2085,0,3005,1285,330,900,0,775,4745,4870,130,90,170,95,5355,5520
0115,10001478,LOND,"City, University of London",210,1955,750,2915,75,885,45,1000,135,2480,200,2815,0,0,0,0,420,5325,995,6735,95,1355,480,1930,25,175,35,235,10,220,40,270,0,0,0,0,125,1750,555,2435,5500,225,5720,955,10,965,2135,40,2170,0,0,0,8590,270,8860,160,765,925,10,15,25,5,15,20,0,0,0,175,795,970,10610,8385,0,5905,6420,3065,3605,0,1025,17975,4780,1465,4110,960,175,11490,18995
0199,10001653,LOND,Conservatoire for Dance and Drama,0,25,50,75,0,10,20,30,0,85,5,90,0,0,0,0,0,125,75,195,0,15,0,15,0,10,0,10,0,5,0,5,0,0,0,0,0,30,0,30,470,320,790,95,45,135,85,70,155,0,0,0,650,435,1085,0,0,0,0,0,0,0,0,0,0,0,0,0,0,0,790,520,0,680,440,135,50,0,295,1015,750,45,10,75,5,880,1310
0201,10007761,LOND,Courtauld Institute of Art,35,110,25,170,15,30,5,50,10,75,10,95,0,0,0,0,55,215,45,315,5,0,0,5,5,0,0,5,5,0,0,5,0,0,0,0,10,0,0,15,145,0,145,25,0,25,10,0,10,0,0,0,180,0,180,0,0,0,0,0,0,0,0,0,0,0,0,0,0,0,400,105,0,135,210,85,80,0,65,440,265,0,10,20,20,320,505
0056,10001726,WMID,Coventry University,150,500,5,655,40,185,0,225,110,2790,0,2900,0,0,0,0,300,3475,5,3785,110,685,965,1765,15,60,20,95,10,285,30,320,0,0,0,0,135,1030,1015,2180,14055,945,15000,1685,40,1725,4125,20,4145,0,0,0,19865,1000,20870,1195,1100,2295,70,5,70,230,5,235,0,0,0,1490,1105,2600,13890,15530,10,13675,8835,2745,4175,0,2120,27310,10690,3635,3840,1380,165,19710,29430
0002,10007822,EAST,Cranfield University,160,255,20,435,120,690,5,815,285,645,35,960,0,0,0,0,565,1590,60,2210,175,1115,155,1445,55,85,5,140,80,100,10,185,0,0,0,0,305,1300,165,1770,0,0,0,0,0,0,0,0,0,0,0,0,0,0,0,0,0,0,0,0,0,0,0,0,0,0,0,0,0,0,930,3055,0,10,1070,850,2050,0,210,3770,1575,105,120,55,30,1880,3980
0206,10006427,SEAS,University for the Creative Arts,10,25,0,35,0,15,0,15,10,95,0,100,0,0,0,0,20,135,0,150,25,90,25,140,5,0,0,5,0,10,0,10,0,0,0,0,30,95,25,155,3900,20,3920,310,5,315,230,20,250,0,0,0,4440,45,4485,15,0,15,0,0,0,0,0,0,0,0,0,15,0,15,3400,1405,0,2790,1495,215,300,0,995,3815,3000,460,310,295,40,4110,4805
0038,10007842,NWES,University of Cumbria,15,80,625,725,5,20,15,40,5,40,0,45,0,0,0,0,25,140,640,805,65,360,540,965,0,5,5,10,0,5,5,10,0,0,0,0,65,370,550,990,4570,385,4955,65,5,70,30,15,45,0,0,0,4660,405,5070,410,1505,1915,5,5,10,0,0,5,0,0,0,415,1510,1925,6020,2770,0,2870,2035,1190,2695,0,1050,7740,7605,200,425,175,155,8555,8790
0068,10001883,EMID,De Montfort University,55,375,160,595,15,90,10,115,80,850,90,1025,0,0,0,0,155,1315,265,1735,85,825,900,1810,20,45,25,90,15,95,25,130,0,0,0,0,120,960,950,2030,13545,640,14185,390,35,425,965,40,1005,0,0,0,14905,715,15615,525,970,1495,5,15,15,5,5,10,0,0,0,535,990,1525,11905,8995,0,9815,5485,1935,3670,0,3340,17565,9680,2845,4485,915,160,18085,20905
0057,10007851,EMID,University of Derby,70,280,335,680,5,25,0,35,30,175,0,205,0,0,0,0,105,480,335,920,130,1305,465,1900,10,35,10,55,5,40,5,50,0,0,0,0,145,1380,480,2005,9225,320,9545,420,5,420,275,15,290,0,0,0,9920,335,10255,1345,1605,2950,90,15,100,50,20,65,0,0,0,1480,1640,3120,9230,7070,0,6395,3810,1770,4320,0,1955,14345,12185,1100,1115,560,120,15075,16300
0116,10007143,NEAS,University of Durham,570,425,215,1210,150,155,5,310,445,1350,15,1810,0,0,0,0,1165,1930,235,3330,235,330,365,935,35,55,5,95,75,90,25,190,0,0,0,0,345,475,395,1215,10650,20,10670,610,0,610,1770,5,1770,0,0,0,13030,20,13050,170,35,210,0,0,0,0,0,0,0,0,0,175,35,210,9600,8210,0,10475,4605,1245,1480,0,1880,15930,11425,200,675,565,155,13020,17810
0117,10007789,EAST,The University of East Anglia,450,540,300,1290,130,70,5,205,200,1250,0,1450,0,0,0,0,780,1860,305,2945,120,680,650,1445,15,25,10,55,5,40,10,55,0,0,0,0,140,745,670,1555,8505,345,8850,520,0,520,1460,265,1725,0,0,0,10485,610,11095,315,215,535,10,0,10,10,0,10,0,0,0,335,220,555,9835,6305,5,7315,4765,1580,2485,0,2120,14025,10240,530,735,530,90,12120,16145
0058,10007144,LOND,The University of East London,155,565,420,1140,10,35,30,75,70,195,25,290,0,0,0,0,235,795,475,1505,210,1045,365,1620,20,55,5,80,25,85,5,115,5,0,0,5,260,1190,375,1820,8400,145,8550,275,0,275,275,0,280,0,0,0,8955,150,9105,975,50,1025,20,5,25,45,100,145,0,0,0,1045,155,1195,8655,4975,0,3640,3790,1895,4300,5,1675,11955,4435,4080,2345,1350,130,12335,13630
0016,10007823,NWES,Edge Hill University,70,185,935,1185,0,0,20,25,10,10,0,25,0,0,0,0,80,195,960,1235,45,930,1290,2265,5,15,0,20,0,10,15,25,0,0,0,0,50,955,1305,2310,9480,300,9785,60,0,60,60,0,60,0,0,0,9605,305,9910,655,1390,2045,0,20,20,15,5,20,0,0,0,670,1415,2085,10615,4925,0,6620,2880,1745,4295,0,1640,13900,13720,315,700,300,245,15280,15540
0118,10007791,EAST,The University of Essex,210,495,20,730,80,200,0,285,285,715,20,1020,0,0,0,0,580,1415,40,2030,135,400,325,860,25,30,5,55,10,30,20,60,0,0,0,0,170,455,350,975,6535,440,6975,1340,15,1355,1590,50,1645,0,0,0,9470,505,9975,425,350,775,5,5,10,15,15,30,0,0,0,445,370,815,7915,5880,0,6900,3510,1050,2340,0,1285,12510,6085,1560,780,640,270,9335,13795
0119,10007792,SWES,The University of Exeter,595,430,510,1530,130,95,10,235,335,1140,0,1475,0,0,0,0,1055,1665,520,3245,295,285,330,910,40,20,10,75,35,20,20,70,0,0,0,0,370,325,360,1050,13685,5,13690,1010,5,1015,2070,500,2570,0,0,0,16765,510,17270,85,5,90,10,0,10,5,0,5,0,0,0,95,5,105,11795,9865,10,13495,5345,1205,1620,0,2460,19210,14680,250,540,615,140,16220,21670
0017,10008640,SWES,Falmouth University,5,75,0,80,0,5,0,5,0,20,0,20,0,0,0,0,5,100,0,110,25,85,15,125,5,0,0,5,0,0,0,0,0,0,0,0,30,90,15,135,4035,10,4040,110,0,110,245,0,245,0,0,0,4385,10,4395,20,0,20,0,0,0,0,0,0,0,0,0,20,0,20,2820,1830,5,3070,1160,145,275,0,1255,3395,3960,60,45,175,25,4265,4655
0229,10004511,SEAS,The National Film and Television School,0,165,0,165,0,45,0,45,0,25,0,25,0,0,0,0,0,240,0,240,0,0,0,0,0,0,0,0,0,0,0,0,0,0,0,0,0,0,0,0,0,0,0,0,0,0,0,0,0,0,0,0,0,0,0,0,0,0,0,0,0,0,0,0,0,0,0,0,0,0,100,140,0,0,80,100,55,0,20,215,135,5,10,10,0,165,240
0054,10007145,SWES,University of Gloucestershire,50,135,195,375,0,5,5,10,55,40,0,95,0,0,0,0,105,180,200,480,135,330,365,835,5,5,0,10,5,5,5,15,0,0,0,0,145,340,370,860,5525,360,5885,45,5,50,160,45,205,0,0,0,5735,405,6135,250,85,335,5,0,5,15,0,15,0,0,0,270,90,360,4585,3250,0,4070,1945,540,1275,5,1475,6360,6670,240,225,260,35,7430,7835
0131,10002718,LOND,Goldsmiths College,110,520,335,965,30,215,15,260,100,550,0,650,0,0,0,0,240,1280,350,1870,150,595,120,870,40,70,0,105,10,15,0,25,0,0,0,0,200,680,120,1000,4395,10,4405,410,5,415,640,75,715,0,0,0,5445,90,5530,90,20,110,5,0,5,5,0,5,0,0,0,105,20,125,5715,2810,0,3230,2560,1320,1415,0,1405,7120,4075,705,740,730,95,6345,8525
0059,10007146,LOND,The University of Greenwich,125,220,305,650,35,65,15,110,140,640,15,795,0,0,0,0,300,920,335,1555,140,900,960,2000,5,105,15,125,15,840,60,915,0,0,0,0,165,1845,1035,3045,10640,505,11145,990,25,1015,1045,55,1100,0,0,0,12675,585,13260,1075,1585,2660,50,10,60,50,20,70,0,0,0,1175,1610,2790,11825,8820,0,7165,5780,2730,4975,0,1670,18980,8880,3045,3080,1275,170,16455,20645
0208,10007825,LOND,Guildhall School of Music and Drama,10,120,10,140,5,65,5,75,5,60,5,75,0,0,0,0,20,245,25,285,5,40,0,50,0,10,0,15,0,5,0,5,0,0,0,0,10,55,0,65,440,0,440,85,0,85,50,0,50,0,0,0,575,0,575,0,0,0,0,0,0,0,0,0,0,0,0,0,0,0,465,470,0,365,375,145,45,0,130,800,545,10,30,40,5,630,930
0018,10040812,WMID,Harper Adams University,30,30,10,65,0,5,0,5,15,25,0,40,0,0,0,0,45,60,10,115,15,70,355,435,0,5,30,35,0,0,5,10,0,0,0,0,15,75,390,480,1780,455,2230,20,10,30,85,0,85,0,0,0,1880,465,2345,55,2565,2620,0,15,15,5,0,5,0,0,0,55,2580,2635,2745,2835,0,1715,1465,760,1625,5,665,4910,5090,15,20,35,190,5350,5575
0060,10007147,EAST,University of Hertfordshire,130,390,255,775,20,50,0,70,75,620,0,700,0,0,0,0,225,1060,260,1545,265,1400,1985,3645,10,90,70,175,10,220,40,270,0,10,0,10,285,1715,2095,4100,13340,570,13910,495,10,505,1475,35,1510,0,0,0,15310,615,15925,1075,1455,2530,40,45,85,105,360,465,0,0,0,1220,1865,3085,14125,10530,0,10465,6130,2430,5625,0,2260,22395,11355,3420,3975,1715,405,20860,24655
0205,10007765,LOND,Heythrop College,0,40,0,40,0,5,0,10,5,20,0,25,0,0,0,0,10,65,0,75,15,225,10,250,5,0,0,5,0,5,0,5,0,0,0,0,20,230,10,260,195,0,195,5,0,5,15,0,15,0,0,0,215,0,215,5,0,5,0,0,0,0,0,0,0,0,0,5,0,5,250,310,0,120,95,50,290,0,85,475,370,40,40,25,20,495,560
0061,10007148,YORH,The University of Huddersfield,330,280,365,980,50,60,40,150,205,415,20,645,0,0,0,0,590,755,425,1775,410,795,1315,2520,20,15,5,40,75,40,20,135,0,0,0,0,505,850,1340,2695,11055,20,11075,560,20,580,1350,20,1375,0,0,0,12965,60,13025,790,780,1575,25,45,70,45,90,135,0,0,0,860,920,1780,11005,8265,0,7855,5400,1975,4040,0,2280,16990,11795,850,2790,635,80,16150,19270
0120,10007149,YORH,The University of Hull,320,130,355,805,50,95,5,155,265,225,10,505,0,0,0,0,635,455,375,1465,185,240,555,980,10,10,50,75,20,10,240,265,0,0,0,0,215,260,845,1320,10245,210,10460,360,0,360,680,15,695,0,0,0,11290,225,11515,565,1110,1670,0,35,40,0,290,290,0,0,0,565,1440,2005,9060,7245,0,7120,4055,1590,3540,0,2190,14110,11975,705,695,445,95,13920,16305
0132,10003270,LOND,"Imperial College of Science, Technology and Medicine",1505,635,0,2140,745,685,0,1430,1105,1745,0,2850,0,0,0,0,3355,3070,0,6425,480,505,115,1100,90,30,15,135,70,45,20,135,0,0,0,0,635,580,150,1370,5275,0,5275,1200,0,1200,2770,0,2770,0,0,0,9240,0,9240,0,0,0,0,0,0,0,0,0,0,0,0,0,0,0,6505,10530,0,6090,7105,2360,1475,0,805,16230,4945,280,2250,780,260,8515,17035
0121,10007767,WMID,Keele University,145,195,5,350,20,10,0,25,105,170,0,275,0,0,0,0,270,375,5,650,140,515,830,1485,5,10,15,30,10,15,20,45,0,0,0,0,155,540,865,1560,6230,5,6230,110,0,110,880,0,885,0,0,0,7220,5,7225,165,455,620,0,15,15,5,50,55,0,0,0,170,520,690,5940,4180,0,5090,2325,870,1835,5,1225,8900,6395,475,1220,350,245,8685,10120
0122,10007150,SEAS,The University of Kent,495,700,75,1270,170,320,10,500,285,700,20,1005,0,0,0,0,950,1715,105,2770,175,355,615,1145,25,25,30,80,20,20,15,60,0,0,0,0,225,400,660,1285,11880,135,12015,1190,20,1210,1715,135,1850,0,0,0,14785,290,15075,395,50,440,20,0,20,30,45,75,0,0,0,440,95,535,10315,9355,0,11290,5200,1430,1745,0,2995,16675,9970,1955,1790,1020,135,14870,19670
0134,10003645,LOND,King's College London,570,1730,1070,3370,250,825,145,1220,355,2005,220,2580,0,0,0,0,1175,4555,1435,7165,435,1765,1445,3650,65,95,35,200,35,45,35,115,0,0,0,0,540,1910,1515,3965,10935,55,10990,1980,5,1985,2415,55,2470,0,0,0,15335,115,15450,200,1790,1990,0,155,155,5,170,175,0,0,0,210,2115,2320,18140,10745,15,9820,8635,4365,6080,0,2735,26170,12130,1515,4370,1640,335,19995,28900
0063,10003678,LOND,Kingston University,160,740,355,1255,25,200,15,245,100,870,10,980,0,0,0,0,285,1815,380,2480,125,1200,560,1885,15,85,15,115,15,105,15,130,0,0,0,0,155,1390,585,2130,11655,1215,12875,720,5,725,1365,20,1385,0,0,0,13740,1245,14980,1095,75,1170,45,5,50,60,15,75,0,0,0,1205,90,1295,11530,9295,55,8035,6690,2665,3495,0,2305,18580,8100,3145,3925,1855,150,17180,20885
0123,10007768,NWES,The University of Lancaster,465,370,5,840,95,225,0,320,335,775,5,1110,0,0,0,0,895,1370,10,2275,375,355,355,1090,65,10,5,80,145,20,5,170,0,0,0,0,585,385,370,1340,6630,5,6635,940,0,945,1895,0,1895,0,0,0,9470,5,9475,10,10,20,0,0,0,0,0,0,0,0,0,10,10,25,6695,6420,0,7480,3230,805,1600,0,1010,12105,7235,245,565,350,190,8590,13115
0211,10003854,YORH,Leeds College of Art,0,0,0,0,0,0,0,0,0,0,0,0,0,0,0,0,0,0,0,0,0,30,0,30,0,0,0,0,0,0,0,0,0,0,0,0,0,30,0,30,1225,0,1225,15,0,15,45,0,45,0,0,0,1290,0,1290,0,0,0,0,0,0,0,0,0,0,0,0,0,0,0,980,340,0,890,340,40,45,0,295,1025,1145,20,45,40,10,1255,1320
0064,10003861,YORH,Leeds Beckett University,145,390,380,915,10,70,10,90,45,315,25,385,0,0,0,0,205,770,415,1390,255,900,1755,2910,5,25,15,50,10,70,25,110,0,0,0,0,270,995,1800,3065,16390,15,16400,205,20,220,660,50,710,0,0,0,17250,80,17330,1065,2875,3940,5,35,40,70,80,150,0,0,0,1145,2990,4135,13705,12215,0,13045,5955,2065,4850,0,2665,23255,19900,980,1900,1130,260,24170,25920
0124,10007795,YORH,The University of Leeds,1135,750,85,1970,235,225,0,460,785,2390,5,3180,0,0,0,0,2155,3365,90,5610,295,1040,1095,2430,25,25,15,70,20,35,60,115,0,0,0,0,340,1100,1175,2610,20110,125,20235,740,0,740,2020,0,2020,0,0,0,22875,125,22995,150,415,565,0,0,0,0,0,0,0,0,0,150,415,570,19275,12515,0,15970,9340,2740,3735,0,2910,28880,20770,665,2075,1255,440,25205,31790
0040,10003863,YORH,Leeds Trinity University,25,10,260,300,0,0,5,10,5,5,0,10,0,0,0,0,35,15,270,315,15,90,420,525,0,0,10,10,0,0,0,0,0,0,0,0,15,90,425,535,2705,85,2790,15,0,15,15,0,15,0,0,0,2730,85,f,10,40,50,0,0,0,0,0,0,0,0,0,10,40,50,2445,1270,0,2070,970,325,350,0,385,3330,3190,70,280,120,5,3665,3715
0125,10007796,EMID,The University of Leicester,410,580,315,1305,95,165,5,265,500,2435,5,2940,0,0,0,0,1000,3185,320,4510,275,1230,175,1680,25,20,5,50,20,50,5,75,0,0,0,0,320,1300,185,1810,8405,115,8520,440,0,445,1800,0,1800,0,0,0,10645,120,10765,275,455,730,0,0,5,5,0,10,0,0,0,280,460,740,9615,8205,0,7740,5160,1965,2955,0,1535,16285,8135,1180,2045,615,265,12235,17825
0062,10007151,EMID,The University of Lincoln,140,180,45,365,30,30,10,65,90,320,25,430,0,0,0,0,260,525,80,860,140,430,585,1155,0,5,15,25,5,5,5,15,0,0,0,0,150,435,610,1195,9050,150,9200,115,0,115,675,5,685,0,0,0,9840,155,10000,950,395,1345,15,5,20,45,10,55,0,0,0,1010,415,1425,7270,6200,0,7490,2840,950,2195,0,1925,11550,10840,395,415,340,80,12070,13475
0023,10003956,NWES,Liverpool Hope University,35,110,435,575,10,5,15,30,10,40,0,50,0,0,0,0,55,155,450,655,45,190,60,300,0,10,0,15,5,30,0,35,0,0,0,0,50,230,65,350,3710,0,3710,55,0,55,20,0,20,0,0,0,3785,0,3785,150,0,150,0,0,0,0,0,0,0,0,0,150,0,150,3405,1535,0,2590,1405,370,575,0,870,4070,4355,125,100,150,10,4735,4940
0065,10003957,NWES,Liverpool John Moores University,245,465,425,1135,35,65,10,115,160,145,20,325,0,0,0,0,440,675,455,1575,115,700,995,1810,5,20,15,40,5,40,25,70,0,0,0,0,130,760,1035,1925,15785,510,16295,155,5,160,510,140,650,0,0,0,16450,650,17105,470,755,1225,0,5,5,20,25,45,0,0,0,485,785,1275,11980,9895,0,11425,5360,1945,3145,0,2010,19865,18140,515,955,785,65,20465,21875
0209,10003945,NWES,The Liverpool Institute for Performing Arts,0,0,0,0,0,0,0,0,0,0,0,0,0,0,0,0,0,0,0,0,0,0,0,0,0,0,0,0,0,0,0,0,0,0,0,0,0,0,0,0,560,0,560,15,0,15,140,0,140,0,0,0,720,0,720,0,0,0,0,0,0,0,0,0,0,0,0,0,0,0,385,330,0,475,210,25,5,0,135,585,525,5,5,25,5,560,720
0126,10006842,NWES,The University of Liverpool,870,330,115,1315,195,60,5,255,500,1185,0,1685,0,0,0,0,1565,1575,120,3255,320,750,720,1790,25,20,35,85,15,5,30,50,0,0,0,0,360,780,785,1925,13760,145,13900,335,25,360,4625,90,4715,0,0,0,18720,260,18980,340,110,455,10,0,10,150,0,150,0,0,0,500,115,615,13500,11275,0,12670,7845,2120,2140,0,1850,22925,14385,450,1295,785,550,17460,24775
0228,10003958,NWES,Liverpool School of Tropical Medicine,15,45,0,60,0,5,0,5,20,30,0,50,0,0,0,0,35,80,0,115,20,0,180,200,0,0,25,25,0,0,80,85,0,0,0,0,20,0,290,310,0,0,0,0,0,0,0,0,0,0,0,0,0,0,0,0,0,0,0,0,0,0,0,0,0,0,0,0,0,0,275,150,0,0,55,185,180,0,25,400,205,5,25,20,5,260,425
0024,10007162,LOND,"University of the Arts, London",55,675,20,750,10,470,15,495,15,1345,40,1400,0,0,0,0,80,2490,75,2645,100,490,30,620,20,45,20,80,5,35,20,60,0,0,0,0,125,570,65,760,7985,200,8185,1680,35,1715,4255,415,4670,0,0,0,13920,655,14570,180,5,190,35,0,35,5,0,5,0,0,0,220,5,230,13465,4725,15,7250,7255,2115,1580,0,3445,14760,6980,830,775,995,160,9740,18205
0135,10007769,LOND,London Business School,10,200,0,215,25,270,0,295,45,940,0,985,0,0,0,0,75,1415,0,1490,0,405,0,405,0,80,0,80,0,100,0,100,0,0,0,0,0,585,0,585,0,0,0,0,0,0,0,0,0,0,0,0,0,0,0,0,0,0,0,0,0,0,0,0,0,0,0,0,0,0,655,1420,0,5,240,760,1065,0,35,2040,350,25,185,35,25,620,2075
0151,10007797,LOND,University of London (Institutes and activities),30,25,0,55,15,5,0,20,35,15,0,45,0,0,0,0,80,40,0,120,25,45,0,70,5,0,0,5,0,0,0,0,0,0,0,0,30,45,0,75,0,0,0,0,0,0,0,0,0,0,0,0,0,0,0,0,0,0,0,0,0,0,0,0,0,0,0,0,0,0,110,85,0,0,25,30,140,0,10,190,90,15,5,5,5,125,195
0202,10004048,LOND,London Metropolitan University,30,350,485,865,0,145,35,180,30,185,20,235,0,0,0,0,60,675,535,1275,195,610,730,1535,15,35,15,70,10,20,10,40,0,0,0,0,220,665,755,1640,7295,295,7590,790,10,795,190,5,200,0,0,0,8275,310,8590,870,420,1290,45,10,55,5,10,15,0,0,0,925,435,1360,7905,4960,0,2615,4030,2380,3830,10,1625,11240,4220,3725,1775,1385,175,11280,12865
0076,10004078,LOND,London South Bank University,55,575,400,1035,10,145,10,165,45,580,5,630,0,0,0,0,105,1305,420,1830,110,1330,1575,3015,10,40,5,55,5,70,10,85,0,0,0,0,125,1440,1590,3155,7270,380,7650,365,15,380,445,60,510,0,0,0,8080,455,8540,1670,2335,4005,40,10,50,25,5,30,0,0,0,1730,2355,4085,10330,7275,0,3700,4165,3440,6305,0,2415,15190,7580,4055,2455,1280,335,15705,17605
0137,10004063,LOND,London School of Economics and Political Science,115,735,5,855,150,1150,15,1315,215,2980,15,3205,0,0,0,0,475,4870,30,5375,30,220,0,250,15,35,0,50,10,55,0,65,0,0,0,0,50,315,0,365,2370,0,2370,400,0,400,1840,0,1840,0,0,0,4610,0,4610,45,0,45,0,0,0,40,0,40,0,0,0,90,0,90,5375,5055,10,3855,3990,1520,1080,0,720,9720,1960,185,950,355,70,3520,10440
0138,10007771,LOND,London School of Hygiene and Tropical Medicine,85,200,0,285,20,50,0,70,80,230,0,305,0,0,0,0,180,480,0,660,110,105,160,375,15,5,20,45,80,15,40,135,0,0,0,0,205,125,220,550,0,0,0,0,0,0,0,0,0,0,0,0,0,0,0,0,0,0,0,0,0,0,0,0,0,0,0,0,0,0,815,395,0,5,220,390,595,0,75,1130,450,55,85,55,10,655,1210
0152,10004113,EMID,Loughborough University,430,290,85,805,145,75,0,220,355,1305,0,1665,0,0,0,0,930,1675,85,2690,110,760,335,1200,35,60,10,105,20,180,25,230,0,0,0,0,165,1000,370,1535,11270,0,11270,465,0,465,790,0,790,0,0,0,12525,0,12525,185,0,185,5,0,5,10,0,10,0,0,0,195,0,195,6490,10460,0,9300,5175,1000,1475,0,2155,14795,10845,720,1215,600,80,13460,16950
0066,10004180,NWES,The Manchester Metropolitan University,130,645,1100,1875,30,95,50,175,75,225,80,385,0,0,0,0,235,970,1230,2435,300,1540,1205,3045,15,55,25,95,5,55,20,80,0,0,0,0,320,1645,1250,3215,23470,125,23590,740,5,745,765,5,770,0,0,0,24980,135,25110,1080,595,1675,10,5,15,30,0,35,0,0,0,1125,600,1725,18890,13600,0,16585,9095,2555,4250,0,3925,28560,22425,1575,4400,1670,120,30190,32485
0204,10007798,NWES,The University of Manchester,1510,1035,470,3020,395,275,15,685,1275,3795,40,5110,0,0,0,0,3185,5110,520,8815,335,1755,1010,3100,30,45,10,85,10,45,15,70,0,0,0,0,375,1840,1035,3250,20235,0,20235,1585,0,1585,5375,0,5375,0,0,0,27195,0,27195,105,330,435,0,0,5,0,5,5,0,0,0,105,335,440,21020,18685,0,18805,12910,3855,4135,0,3970,35730,20175,1015,3805,1735,50,26785,39700
0067,10004351,LOND,Middlesex University,210,375,365,950,35,65,5,105,170,550,5,725,0,0,0,0,420,990,370,1780,390,860,370,1620,90,140,10,235,185,815,35,1035,0,0,0,0,660,1815,415,2890,9980,260,10240,1280,0,1280,1365,0,1365,0,0,0,12620,265,12885,570,875,1445,35,10,45,45,15,60,0,0,0,650,905,1555,11325,7780,0,6870,5760,2135,4340,0,1405,17700,5380,3755,3190,1665,265,14255,19110
0154,10007799,NEAS,Newcastle University,845,615,150,1610,130,335,0,465,690,1805,5,2495,0,0,0,0,1660,2750,155,4565,250,670,405,1325,30,45,5,80,20,75,10,105,0,0,0,0,300,785,420,1505,14145,125,14270,545,20,565,2140,700,2840,0,0,0,16835,845,17680,20,15,35,5,0,5,5,0,5,0,0,0,25,15,45,11945,11850,0,12635,7285,1980,1895,0,1630,22160,15425,235,855,605,115,17240,23795
0028,10007832,WMID,Newman University,0,5,270,275,0,0,0,0,0,0,0,0,0,0,0,0,0,5,270,275,0,255,25,280,0,5,0,5,0,0,0,0,0,0,0,0,0,260,25,285,1795,20,1815,5,0,5,5,0,5,0,0,0,1805,20,1825,150,275,430,0,0,0,0,0,0,0,0,0,155,275,430,2130,680,0,1185,790,295,540,0,460,2350,1695,265,655,160,15,2795,2810
0027,10007138,EMID,The University of Northampton,25,125,105,255,0,5,0,5,55,250,0,305,0,0,0,0,80,380,110,570,135,730,715,1580,5,35,0,40,10,115,10,130,0,0,0,0,145,875,725,1750,7385,705,8085,260,15,275,645,5,650,0,0,0,8285,725,9010,440,1155,1595,10,5,10,25,25,50,0,0,0,475,1180,1655,8230,4755,0,5195,2955,1315,3520,0,1290,11695,7730,2145,915,485,240,11515,12985
0069,10001282,NEAS,University of Northumbria at Newcastle,240,580,405,1225,40,80,10,135,140,800,80,1020,0,0,0,0,420,1465,495,2375,220,995,1065,2280,10,20,5,35,5,35,25,60,0,0,0,0,235,1050,1090,2375,16750,150,16900,355,5,360,1320,195,1515,0,0,0,18425,350,18770,2105,1430,3535,5,0,10,45,55,100,0,0,0,2155,1490,3645,15155,12010,5,12070,7345,2565,5190,0,2510,24660,21780,460,975,610,115,23940,27165
0190,10004775,EAST,Norwich University of the Arts,0,20,0,20,0,0,0,0,0,5,0,5,0,0,0,0,0,20,0,25,5,30,20,50,0,0,0,0,0,0,0,0,0,0,0,0,5,30,20,55,1795,0,1795,65,0,65,60,0,60,0,0,0,1920,0,1920,0,0,0,0,0,0,0,0,0,0,0,0,0,0,0,1205,785,0,1315,530,60,90,0,565,1430,1680,35,55,95,5,1870,1995
0155,10007154,EMID,University of Nottingham,1310,890,295,2495,360,250,5,615,960,1345,10,2310,0,0,0,0,2630,2485,310,5420,300,995,1230,2520,30,20,55,105,30,30,80,140,0,0,0,0,360,1045,1360,2765,18960,145,19105,870,20,890,3065,110,3170,0,0,0,22890,275,23170,505,250,755,0,5,5,5,0,5,0,0,0,510,260,770,17570,14540,10,16160,8765,3070,4125,0,3690,28430,19460,1200,2585,1290,345,24875,32125
0071,10004797,EMID,The Nottingham Trent University,200,620,305,1125,25,120,20,165,135,710,105,945,0,0,0,0,355,1450,425,2235,215,1010,910,2135,20,65,55,140,95,320,155,570,0,0,0,0,330,1395,1120,2845,19510,435,19945,330,5,335,1215,30,1240,0,0,0,21055,465,21520,990,155,1140,10,0,15,20,145,170,0,0,0,1020,300,1325,15605,12300,20,15520,7820,1960,2620,0,2995,24930,18530,1935,2485,1305,90,24345,27920
0001,10007773,SEAS,The Open University in England,240,0,0,240,0,0,0,0,5,0,0,5,0,0,0,0,250,0,0,250,215,4685,1405,6310,5,15,5,25,0,10,0,10,0,0,0,0,220,4710,1415,6345,0,0,0,0,0,0,0,0,0,0,0,0,0,0,0,84875,9830,94710,145,10,160,30,0,30,0,0,0,85050,9845,94900,60925,40560,0,4435,13925,19290,63835,0,18655,82835,87470,4470,4140,3365,1815,101260,101490
0072,10004930,SEAS,Oxford Brookes University,95,390,370,860,40,185,30,255,85,445,75,605,0,0,0,0,215,1020,480,1720,135,770,1100,2005,15,35,15,65,15,100,30,145,0,0,0,0,170,905,1145,2220,9085,1205,10290,585,25,610,1245,40,1285,0,0,0,10915,1270,12185,455,995,1450,15,40,55,50,155,210,0,0,0,525,1195,1715,10705,7135,0,7335,4915,1995,3575,15,2650,15190,11665,760,1140,630,410,14605,17840
0156,10007774,SEAS,The University of Oxford,2165,760,190,3110,1100,535,10,1645,1740,1585,25,3355,0,0,0,0,5005,2880,225,8110,125,665,485,1275,5,120,115,245,10,275,230,515,0,0,0,0,140,1065,830,2035,9305,20,9320,705,0,705,1260,30,1290,0,0,0,11270,50,11320,15,3075,3095,0,80,80,0,225,225,0,0,0,15,3380,3395,11775,13065,20,8675,6290,3975,5865,55,2375,22480,13790,280,1245,990,495,16800,24860
0230,10005127,SWES,Plymouth College of Art,0,0,0,0,0,0,0,0,0,0,0,0,0,0,0,0,0,0,0,0,0,10,0,10,0,0,0,0,0,0,0,0,0,0,0,0,0,10,0,10,1075,35,1110,30,0,30,5,0,5,0,0,0,1110,35,1145,40,0,40,0,0,0,0,0,0,0,0,0,40,0,45,770,425,5,615,295,85,200,0,495,705,1100,10,25,25,5,1160,1200
0073,10007801,SWES,University of Plymouth,220,315,235,770,55,140,0,195,170,185,0,355,0,0,0,0,440,640,235,1315,190,615,785,1590,40,20,55,115,10,10,35,55,0,0,0,0,240,645,870,1760,14625,1140,15760,345,20,365,1080,5,1090,0,0,0,16050,1165,17215,1390,1370,2765,20,15,35,60,5,65,0,0,0,1470,1395,2860,12965,10190,0,9635,6295,2415,4810,0,3445,19710,18795,485,770,625,210,20885,23155
0074,10007155,SEAS,The University of Portsmouth,105,530,125,755,30,100,20,145,130,650,15,795,0,0,0,0,265,1280,155,1695,275,1055,200,1525,10,25,0,40,10,40,5,55,0,0,0,0,290,1120,205,1620,13825,340,14165,770,15,785,1875,0,1875,0,0,0,16470,350,16825,1065,745,1810,20,0,20,90,0,90,0,0,0,1175,745,1920,9830,12230,0,11035,6530,1630,2865,0,2485,19575,13680,1735,1540,1035,265,18255,22060
0139,10007775,LOND,Queen Mary University of London,485,620,5,1105,170,355,0,525,375,1560,20,1955,0,0,0,0,1030,2535,25,3590,110,470,450,1030,20,25,20,70,5,20,30,60,0,0,0,0,140,520,505,1160,9390,30,9420,1140,5,1140,1735,75,1810,0,0,0,12265,110,12375,10,0,10,0,0,0,0,0,0,0,0,0,10,0,10,9145,7990,5,8525,5225,1940,1450,0,1775,15365,5165,875,4165,1215,155,11570,17140
0030,10005389,LOND,Ravensbourne,0,25,0,25,0,10,0,10,0,40,0,40,0,0,0,0,0,70,0,70,0,10,0,10,0,0,0,0,0,0,0,0,0,0,0,0,0,10,0,10,1975,0,1975,80,0,80,55,0,55,0,0,0,2110,0,2110,0,0,0,0,0,0,0,0,0,0,0,0,0,0,0,1030,1165,0,1420,600,95,75,0,360,1830,1275,255,235,220,25,2005,2190
0157,10007802,SEAS,The University of Reading,350,445,405,1200,90,150,10,245,440,985,0,1425,0,0,0,0,880,1580,415,2870,215,905,465,1590,30,55,5,90,45,60,5,110,0,0,0,0,295,1025,475,1790,7980,145,8125,565,15,580,1390,135,1525,0,0,0,9935,295,10230,60,25,85,0,0,0,0,0,0,0,0,0,65,25,85,8515,6460,5,7865,3645,1240,2225,0,1640,13340,8850,370,1115,540,115,10995,14980
0031,10007776,LOND,Roehampton University,125,215,350,690,25,60,5,90,40,180,5,225,0,0,0,0,190,460,355,1005,100,490,45,635,15,25,0,40,5,15,0,20,0,0,0,0,125,525,45,695,6175,120,6295,195,0,195,395,0,395,0,0,0,6765,120,6885,145,10,155,10,0,10,0,0,0,0,0,0,155,10,165,6175,2575,0,4205,2120,855,1575,0,920,7830,3805,1435,1315,860,360,7775,8750
0032,10005523,LOND,Rose Bruford College,0,10,0,10,0,5,0,5,0,15,0,15,0,0,0,0,0,30,0,30,0,0,25,25,0,0,0,0,0,0,0,0,0,0,0,0,0,0,25,25,510,0,510,20,0,20,45,0,45,0,0,0,575,0,575,100,0,100,15,0,15,10,0,10,0,0,0,125,0,125,415,345,0,385,185,55,135,0,260,495,585,25,5,25,0,645,760
0033,10007835,LOND,Royal Academy of Music,10,165,25,200,0,70,10,80,0,85,10,100,0,0,0,0,15,320,50,385,0,0,0,0,0,0,0,0,0,0,0,0,0,0,0,0,0,0,0,0,220,0,220,75,0,75,80,0,80,0,0,0,375,0,375,0,0,0,0,0,0,0,0,0,0,0,0,0,0,0,375,385,0,255,355,130,20,0,90,670,380,5,15,15,0,420,760
0195,10005545,SWES,Royal Agricultural University,5,145,0,150,0,15,0,15,10,50,0,60,0,0,0,0,15,210,0,225,5,5,0,10,0,0,0,0,0,0,0,0,0,0,0,0,5,5,0,10,705,155,865,25,5,35,30,10,35,0,0,0,760,170,930,20,15,35,0,0,0,0,0,0,0,0,0,20,15,35,545,655,0,635,380,90,100,0,275,925,1025,15,5,10,5,1055,1200
0003,10007777,LOND,Royal College of Art,50,575,0,620,30,355,0,380,40,460,0,500,0,0,0,0,115,1390,0,1505,70,5,0,75,25,0,0,25,5,0,0,5,0,0,0,0,100,5,0,105,0,0,0,0,0,0,0,0,0,0,0,0,0,0,0,0,0,0,0,0,0,0,0,0,0,0,0,0,0,0,1015,595,0,5,560,630,410,0,290,1315,555,25,45,55,20,695,1610
0034,10007778,LOND,Royal College of Music,5,125,20,150,0,55,10,65,10,90,10,110,0,0,0,0,15,270,40,325,5,20,0,25,5,10,0,15,0,5,0,10,0,0,0,0,15,35,0,50,240,5,250,85,0,85,95,0,100,0,0,0,425,10,430,0,0,0,0,0,0,0,0,0,0,0,0,0,0,0,415,395,0,265,370,135,45,0,65,745,385,0,15,20,5,425,810
0010,10007816,LOND,The Royal Central School of Speech and Drama,0,150,0,155,0,40,0,40,5,100,0,105,0,0,0,0,10,290,0,300,10,40,35,85,0,5,0,5,0,0,0,0,0,0,0,0,10,45,35,90,575,0,575,35,0,35,45,0,45,0,0,0,655,0,655,0,0,0,0,0,0,0,0,0,0,0,0,0,0,0,690,350,0,415,330,135,165,0,225,820,675,50,10,65,10,815,1045
0141,10005553,SEAS,Royal Holloway and Bedford New College,345,440,80,870,65,60,0,125,130,665,0,795,0,0,0,0,540,1165,85,1790,115,220,315,645,15,10,10,35,5,25,10,45,0,0,0,0,135,250,335,725,5175,0,5175,665,0,665,1215,40,1255,0,0,0,7055,40,7095,130,205,330,5,0,10,30,5,40,0,0,0,165,210,380,5980,4005,0,5585,2490,865,1045,0,1030,8955,4990,450,995,500,85,7020,9985
0035,10007837,NWES,Royal Northern College of Music,5,115,15,135,0,25,10,35,5,100,10,110,0,0,0,0,10,240,30,285,5,0,0,5,0,0,0,0,0,0,0,0,0,0,0,0,10,0,0,10,475,10,485,50,0,50,75,0,75,0,0,0,600,10,610,0,0,0,0,0,0,0,0,0,0,0,0,0,0,0,435,470,0,410,355,105,40,0,115,790,580,0,15,30,10,630,905
0143,10007779,LOND,The Royal Veterinary College,55,65,20,135,10,15,0,30,10,20,5,35,0,0,0,0,80,100,20,200,20,30,265,315,0,0,0,5,0,0,5,5,0,0,0,0,20,30,270,325,1420,75,1495,30,0,30,195,0,195,0,0,0,1645,75,1720,0,45,45,0,0,0,0,0,0,0,0,0,0,45,45,1750,535,0,800,790,345,350,0,395,1895,1800,10,75,80,30,1990,2290
0145,10007782,LOND,"St George's, University of London",55,50,60,170,0,5,0,5,0,0,0,5,0,0,0,0,60,55,65,180,50,130,465,645,0,0,5,5,0,0,0,5,0,0,0,0,50,135,470,655,2165,160,2330,55,0,55,260,0,260,0,0,0,2480,165,2645,130,2220,2345,0,45,50,0,50,50,0,0,0,130,2315,2445,4195,1730,0,1205,1160,1180,2380,5,505,5420,2725,645,1300,340,480,5490,5925
0039,10007843,LOND,"St Mary's University, Twickenham",25,70,315,405,0,5,15,25,0,15,20,35,0,0,0,0,25,90,350,465,35,750,80,865,0,55,0,55,5,25,0,25,0,0,0,0,40,825,80,950,3340,195,3535,105,10,115,60,5,60,0,0,0,3505,205,3710,185,150,340,0,5,5,5,60,60,0,0,0,190,215,405,3065,2470,0,2615,1460,580,875,0,670,4865,3710,515,390,425,110,5145,5535
0158,10007156,NWES,The University of Salford,160,825,140,1125,25,130,5,160,360,980,45,1380,0,0,0,0,545,1935,185,2665,185,1110,670,1960,25,45,50,120,10,20,15,45,0,0,0,0,220,1175,735,2125,12900,300,13200,660,5,665,820,0,820,0,0,0,14380,305,14685,635,385,1020,5,5,10,0,10,10,0,0,0,645,400,1040,10945,9575,0,7790,5120,2825,4780,0,2860,17660,12420,1410,2310,890,280,17310,20520
0146,10007780,LOND,The School of Oriental and African Studies,115,380,5,505,65,235,5,300,190,690,15,895,0,0,0,0,370,1305,25,1700,90,480,35,605,30,75,5,110,20,45,20,85,0,215,130,345,140,820,190,1150,1945,55,2000,395,20,415,535,210,750,0,0,0,2880,285,3165,15,10,25,0,0,5,5,20,25,0,0,0,25,30,55,3855,2220,0,1845,1970,1045,1210,0,670,5400,1425,310,675,615,110,3140,6070
0075,10005790,YORH,Sheffield Hallam University,140,510,990,1640,15,90,5,110,100,1495,5,1600,0,0,0,0,255,2095,1005,3350,250,1710,1190,3145,35,20,15,65,20,180,15,215,0,0,0,0,305,1905,1215,3425,19805,725,20530,220,5,225,980,15,1000,0,0,0,21005,745,21750,1320,1575,2895,10,10,20,40,5,45,0,0,0,1370,1590,2960,17265,14220,0,14625,8455,3060,5345,0,3885,27600,24065,1050,1770,1115,210,28210,31485
0159,10007157,YORH,The University of Sheffield,1055,715,410,2180,270,135,10,410,975,2745,25,3740,0,0,0,0,2295,3590,445,6330,290,770,530,1590,50,80,50,185,25,180,55,260,0,0,0,0,370,1030,640,2040,14705,185,14890,685,10,690,3120,20,3140,0,0,0,18510,210,18720,485,250,735,5,10,15,80,5,85,0,0,0,570,265,835,14275,13650,0,13350,8890,2555,3130,0,2975,24950,16230,535,1455,945,230,19395,27925
0037,10006022,SEAS,Southampton Solent University,10,65,0,80,0,45,0,45,10,40,0,50,0,0,0,0,20,150,0,175,45,60,100,205,0,10,0,15,0,5,5,10,0,0,0,0,45,75,110,230,7660,400,8055,850,10,860,410,65,475,0,0,0,8915,470,9390,285,950,1235,20,95,115,20,125,145,0,0,0,320,1170,1495,4500,6785,0,5925,3445,895,1020,0,1340,9945,7785,805,465,480,50,9575,11285
0160,10007158,SEAS,The University of Southampton,410,370,1210,1995,110,195,225,535,180,2550,655,3385,0,0,0,0,700,3115,2095,5910,160,710,480,1350,15,15,35,65,15,15,35,65,0,0,0,0,185,740,550,1480,14055,45,14095,1055,0,1055,2115,0,2120,0,0,0,17225,45,17270,185,25,215,0,0,0,0,0,0,0,0,0,190,25,215,13295,11580,0,12185,7370,2580,2745,0,2425,22450,14350,715,1520,910,155,17650,24875
0077,10006299,WMID,Staffordshire University,40,175,150,365,5,20,30,55,65,245,60,370,0,0,0,0,110,440,240,790,65,820,505,1385,10,5,0,15,10,30,25,65,0,0,0,0,80,855,530,1470,7560,840,8400,70,5,75,170,10,175,0,0,0,7800,855,8650,1580,3100,4685,20,215,235,10,15,30,0,0,0,1615,3335,4950,7990,7870,0,4880,3995,2080,4900,0,2050,13810,12240,830,1060,550,150,14835,15860
0014,10037449,SWES,University of St Mark and St John,0,5,175,185,0,0,5,5,0,35,0,35,0,0,0,0,0,40,180,225,0,70,65,135,0,0,0,0,0,0,0,0,0,0,0,0,0,75,65,140,1705,120,1825,25,0,25,5,0,5,0,0,0,1735,120,1855,115,30,145,0,0,0,0,0,0,0,0,0,115,30,145,1345,1015,0,1105,560,265,425,0,525,1840,2185,15,15,60,15,2290,2365
0210,10014001,EAST,University of Suffolk,0,30,20,55,0,0,0,0,0,15,0,15,0,0,0,0,0,45,20,70,10,175,130,315,0,5,0,5,0,0,0,0,0,0,0,0,10,175,130,320,2815,700,3520,65,0,70,20,0,25,0,0,0,2905,705,3610,305,720,1020,5,0,5,0,0,5,0,0,0,310,720,1030,3385,1645,0,1400,1055,730,1840,0,765,4265,4310,265,135,190,10,4910,5030
0078,10007159,NEAS,The University of Sunderland,20,335,150,510,5,85,5,95,50,895,5,945,0,0,0,0,75,1315,160,1545,115,315,360,790,5,10,5,20,0,65,0,70,0,0,0,0,120,395,365,875,6770,380,7150,625,5,625,1405,0,1405,0,0,0,8800,380,9180,390,870,1260,30,0,30,100,5,105,0,0,0,515,875,1395,7365,5630,5,4970,3805,1570,2650,0,1000,12000,8175,395,790,280,70,9705,12995
0161,10007160,SEAS,The University of Surrey,430,395,130,955,125,155,5,280,240,1225,5,1470,0,0,0,0,795,1770,140,2705,180,505,475,1160,25,60,20,105,25,50,5,85,0,0,0,0,235,615,500,1350,7610,155,7765,775,0,775,1555,0,1555,0,0,0,9945,155,10095,130,685,815,5,5,10,45,25,70,0,0,0,180,715,900,8370,6680,0,7040,4145,1455,2405,0,1165,13885,7580,755,1455,640,265,10700,15050
0162,10007806,SEAS,The University of Sussex,430,690,345,1470,130,145,15,285,255,1505,10,1770,0,0,0,0,815,2345,370,3530,175,280,170,620,20,10,0,30,30,0,5,35,0,0,0,0,225,290,175,690,8065,15,8080,775,5,780,2075,5,2080,0,0,0,10915,20,10935,0,0,0,0,0,0,0,0,0,0,0,0,0,0,0,8275,6875,10,7565,4925,1270,1395,0,2065,13090,8105,500,615,845,110,10170,15155
0079,10007161,NEAS,Teesside University,45,385,35,465,5,65,0,70,45,170,0,210,0,0,0,0,90,615,35,745,75,595,730,1395,10,45,5,55,10,20,10,45,0,0,0,0,95,655,740,1490,8295,550,8845,135,0,135,475,0,475,0,0,0,8905,550,9455,1125,5700,6825,5,15,20,10,25,35,0,0,0,1140,5740,6880,9895,8680,0,5510,4185,2650,6235,0,2000,16575,15835,450,795,390,65,17535,18575
0041,10008017,LOND,Trinity Laban Conservatoire of Music and Dance,5,30,20,50,0,15,15,30,0,30,10,40,0,0,0,0,5,75,45,120,0,80,30,110,0,15,10,25,0,0,0,0,0,0,0,0,0,95,40,135,565,0,565,115,0,115,45,0,45,0,0,0,730,0,730,0,0,0,0,0,0,0,0,0,0,0,0,0,0,0,615,370,0,470,330,115,70,0,200,785,640,20,15,35,20,725,985
0149,10007784,LOND,University College London,2330,2090,1295,5715,715,955,95,1765,1225,4140,110,5475,0,0,0,0,4270,7185,1500,12960,1205,3025,1415,5650,145,170,30,345,135,120,20,275,0,0,0,0,1490,3310,1470,6265,10100,285,10390,2010,10,2020,4270,80,4345,0,0,0,16380,375,16755,165,245,410,20,35,55,90,600,695,0,0,0,275,880,1155,21410,15725,0,11880,12465,6285,6510,0,2500,34635,13825,1305,4495,2040,495,22160,37135
0163,10007163,WMID,The University of Warwick,715,500,465,1675,280,340,10,630,505,2780,15,3300,0,0,0,0,1500,3620,485,5605,160,1975,960,3090,20,95,95,210,15,135,230,380,0,0,0,0,195,2200,1285,3680,9720,5,9725,1290,0,1290,2570,0,2575,0,0,0,13580,10,13590,320,1410,1730,0,10,10,0,45,45,0,0,0,320,1465,1785,12520,12115,35,10495,6720,2430,5020,0,1885,22780,11725,895,2505,845,255,16225,24665
0081,10007164,SWES,"University of the West of England, Bristol",70,470,500,1040,15,75,15,110,85,625,135,840,0,0,0,0,170,1170,650,1990,200,3325,775,4305,25,65,10,100,40,175,35,255,0,0,0,0,270,3565,825,4655,15850,385,16235,550,5,555,1575,35,1610,0,0,0,17975,425,18395,1085,1465,2550,15,5,20,95,5,105,0,0,0,1200,1475,2670,15490,12225,0,10260,7800,3445,6210,0,3235,24485,20340,1260,1335,985,210,24130,27715
0080,10006566,LOND,The University of West London,30,125,115,270,5,65,0,70,15,125,5,140,0,0,0,0,50,315,115,480,55,200,570,825,5,10,20,30,0,5,15,20,0,0,0,0,55,215,605,875,6020,320,6340,525,25,550,450,15,465,0,0,0,7000,360,7355,370,1100,1475,20,40,55,0,160,160,0,0,0,390,1305,1695,6580,3830,0,2785,2675,1540,3405,0,990,9420,3875,2490,1545,925,75,8910,10410
0083,10007165,LOND,The University of Westminster,65,405,55,525,25,265,0,290,80,1170,20,1270,0,0,0,0,170,1840,80,2090,100,960,685,1745,20,80,30,130,5,150,45,200,0,0,0,0,125,1190,755,2070,10005,175,10175,1480,35,1515,1490,75,1565,0,0,0,12975,280,13255,1105,455,1560,60,115,175,65,975,1040,0,0,0,1235,1545,2780,11955,8240,0,9515,6240,2265,2175,0,1345,18855,5965,1885,4120,1760,275,14010,20195
0021,10003614,SEAS,The University of Winchester,25,80,190,295,5,5,0,5,5,35,0,40,0,0,0,0,35,120,190,345,160,205,690,1060,0,5,5,5,0,0,0,5,0,0,0,0,165,210,695,1070,5360,10,5375,80,0,80,305,5,305,0,0,0,5745,15,5760,225,90,315,5,0,5,10,40,50,0,0,0,235,130,365,5100,2435,5,4405,1550,435,1150,0,1535,6010,6335,190,250,220,45,7040,7540
0085,10007166,WMID,The University of Wolverhampton,50,280,435,765,10,60,5,75,125,375,5,505,0,0,0,0,185,715,440,1340,110,670,795,1570,10,15,0,25,20,55,25,95,0,0,0,0,140,735,820,1695,11640,665,12300,230,15,245,505,20,525,0,0,0,12375,695,13070,2015,1550,3565,35,0,40,75,5,80,0,0,0,2125,1560,3685,11970,7815,0,6680,5295,2360,5450,0,2075,17710,10130,3040,3720,1090,220,18200,19790
0046,10007139,WMID,University of Worcester,25,120,355,500,0,15,10,25,5,40,0,45,0,0,0,0,30,175,365,570,85,500,410,990,0,10,5,20,5,0,5,10,0,0,0,0,90,510,420,1020,5695,1475,7170,305,10,315,105,5,110,0,0,0,6105,1485,7590,355,860,1220,30,10,40,5,10,15,0,0,0,390,885,1275,6950,3510,0,4210,2310,1050,2880,5,1285,9175,8780,370,375,300,50,9880,10455
0189,10007657,EAST,Writtle University College,0,10,5,15,0,0,0,0,0,5,5,10,0,0,0,0,0,15,10,25,0,15,15,30,0,0,0,0,0,0,0,0,0,0,0,0,0,15,15,30,535,95,630,15,5,20,35,30,65,0,0,0,590,130,715,15,15,30,0,5,5,0,0,0,0,0,0,15,20,35,585,220,0,430,200,65,110,0,145,660,655,20,10,15,0,705,805
0013,10007713,YORH,York St John University,15,60,190,270,0,5,0,5,5,105,0,110,0,0,0,0,20,170,190,385,40,165,120,320,0,0,0,5,0,0,0,0,0,0,0,0,40,165,120,330,4375,105,4485,45,0,45,270,0,270,0,0,0,4690,105,4800,55,395,450,0,10,10,0,10,10,0,0,0,60,410,470,4090,1890,0,3565,1320,325,765,5,890,5090,5255,45,110,100,10,5525,5980
0164,10007167,YORH,The University of York,615,525,215,1355,125,110,10,245,510,940,0,1450,0,0,0,0,1245,1575,225,3045,175,230,530,940,25,5,10,35,5,5,25,35,0,0,10,10,205,235,575,1020,10485,45,10530,570,0,570,1055,10,1065,0,0,0,12110,55,12165,195,720,915,0,0,5,0,10,10,0,0,0,195,735,930,9730,7420,5,9220,4150,1510,2280,0,2055,15105,11990,310,685,550,200,13735,17155
0177,10007856,WALE,Aberystwyth University,165,140,65,370,45,15,0,65,85,70,0,155,0,0,0,0,295,230,65,590,45,310,100,460,5,0,0,5,5,5,5,10,0,0,0,0,55,315,105,475,5520,85,5605,500,0,500,295,0,295,0,0,0,6310,90,6400,65,1065,1130,5,100,105,5,45,50,0,0,0,75,1210,1285,4340,4420,0,4765,2105,535,1355,0,1220,7535,6965,105,145,185,165,7565,8755
0178,10007857,WALE,Bangor University,215,195,215,625,40,35,10,80,150,540,10,700,0,0,0,0,400,770,235,1405,80,420,125,625,10,40,10,60,20,275,0,295,0,0,0,0,110,735,135,980,6485,50,6535,265,10,275,705,85,790,0,0,0,7455,145,7600,195,430,630,0,0,5,5,0,5,0,0,0,205,430,640,6000,4630,0,4950,2725,945,1995,15,1700,8930,7805,95,225,205,85,8415,10630
0179,10007814,WALE,Cardiff University,840,790,320,1955,160,170,45,370,400,1925,95,2420,0,0,0,0,1395,2885,460,4745,270,2010,1255,3535,25,90,35,150,35,150,160,345,0,0,0,0,330,2250,1450,4030,15660,135,15795,780,15,795,1725,295,2020,0,0,0,18165,445,18615,305,1975,2275,20,5,25,65,925,985,0,0,0,390,2900,3290,18095,12575,10,13065,8880,3320,5405,5,2565,28110,19920,455,1780,865,540,23560,30675
0089,10007854,WALE,Cardiff Metropolitan University,25,200,445,675,10,90,0,100,165,1365,15,1550,0,0,0,0,200,1660,465,2325,105,545,275,920,5,30,0,35,40,35,5,80,0,0,0,0,150,610,275,1035,6955,120,7075,240,0,240,1275,0,1280,0,0,0,8470,125,8595,85,540,625,0,0,0,0,0,0,0,0,0,85,540,625,6585,5995,0,5025,3595,1670,2290,0,1155,11425,8035,315,465,365,110,9295,12580
0087,10007833,WALE,Glyndr University,10,35,15,60,0,30,0,30,10,80,0,90,0,0,0,0,20,140,15,175,20,330,115,460,0,5,0,5,5,0,0,5,0,0,0,0,30,335,115,475,2460,175,2640,210,5,215,305,0,305,0,0,0,2975,185,3155,460,2075,2530,0,295,295,5,20,25,0,0,0,465,2390,2850,3625,3035,0,2085,1330,955,2290,0,1020,5640,5305,145,115,105,15,5690,6660
0001,10007773,WALE,The Open University in Wales,0,0,0,0,0,0,0,0,0,0,0,0,0,0,0,0,0,0,0,0,0,200,60,255,0,0,0,0,0,0,0,0,0,0,0,0,0,200,60,255,0,0,0,0,0,0,0,0,0,0,0,0,0,0,0,5420,1050,6470,0,0,0,0,0,0,0,0,0,5420,1050,6470,3975,2750,0,320,885,1330,4195,0,1350,5380,6315,105,90,140,85,6730,6730
0180,10007855,WALE,Swansea University,375,365,60,800,65,110,0,175,165,770,10,945,0,0,0,0,605,1245,65,1920,130,395,260,790,5,20,10,35,5,5,10,25,0,0,0,0,145,425,280,850,10680,160,10840,375,5,375,1685,5,1690,0,0,0,12740,170,12910,250,1500,1755,0,5,5,0,10,10,0,0,0,250,1520,1770,8230,9215,0,8880,4100,1545,2915,5,1730,15715,12190,375,660,450,505,14180,17445
0176,10007858,WALE,University of Wales Trinity Saint David,15,110,390,510,5,0,5,10,55,75,0,130,0,0,0,0,75,185,390,650,50,505,230,785,5,25,5,35,15,20,5,40,0,0,0,0,70,550,240,855,4635,955,5590,110,10,125,325,5,330,0,0,0,5070,970,6040,370,1980,2355,0,15,15,0,10,15,0,0,0,375,2010,2380,5605,4315,5,3280,2600,1130,2920,0,1715,8215,8270,150,185,160,475,9240,9930
0090,10007793,WALE,University of South Wales,65,565,20,650,10,225,5,235,30,810,0,840,0,0,0,0,110,1595,25,1730,170,1595,530,2290,25,55,15,95,15,140,150,305,0,0,0,0,205,1790,700,2695,10595,2400,12995,885,95,980,940,25,965,0,0,0,12420,2515,14940,840,5025,5865,5,10,15,5,20,25,0,0,0,850,5055,5900,13485,11750,30,8800,6450,3225,6790,0,2995,22275,19340,510,750,555,645,21805,25265
0186,10008574,WALE,The University of Wales (central functions),5,0,0,5,0,0,0,0,0,0,0,0,0,0,0,0,5,0,0,5,0,0,0,0,0,0,0,0,0,0,0,0,0,0,0,0,0,0,0,0,0,0,0,0,0,0,0,0,0,0,0,0,0,0,0,0,0,0,0,0,0,0,0,0,0,0,0,0,0,0,0,5,0,0,0,0,0,0,0,5,5,0,0,0,0,5,5
0170,10007783,SCOT,The University of Aberdeen,345,350,420,1110,150,195,45,390,415,690,15,1120,0,0,0,0,915,1235,475,2620,140,605,585,1330,25,20,0,45,30,10,10,45,0,0,0,0,195,630,595,1420,6785,5,6790,2060,0,2060,545,5,550,0,0,0,9390,10,9400,190,355,545,5,5,15,0,0,0,0,0,0,195,360,560,7905,6100,0,5460,4740,1640,2165,0,1545,12460,8655,240,435,295,150,9775,14000
0095,10007849,SCOT,University of Abertay Dundee,40,25,15,80,10,40,0,50,25,20,0,50,0,0,0,0,70,85,20,175,20,70,25,115,0,20,0,25,0,0,0,5,0,0,0,0,25,90,30,140,3110,0,3115,275,55,330,30,5,35,0,0,0,3415,60,3475,110,90,200,5,5,10,0,0,0,0,0,0,115,100,210,1870,2135,0,1720,1400,420,460,0,540,3465,3270,50,115,65,10,3505,4005
0172,10007852,SCOT,The University of Dundee,195,315,255,770,105,125,5,235,160,495,5,655,0,0,0,0,465,935,265,1660,130,865,1960,2950,10,25,35,70,30,50,30,110,0,0,0,0,165,940,2025,3130,7650,35,7685,675,10,685,370,75,445,0,0,0,8700,115,8815,440,685,1125,5,30,35,5,135,145,0,0,0,450,855,1305,9380,5535,0,4960,3960,1885,4100,10,1390,13525,9505,150,400,240,2235,12530,14910
0107,10007772,SCOT,Edinburgh Napier University,85,290,25,400,20,290,5,315,40,300,10,355,0,0,0,0,145,880,40,1065,70,665,210,950,25,75,35,135,10,60,10,75,0,0,0,0,105,800,255,1160,7640,0,7640,905,0,905,470,5,475,0,0,0,9020,5,9025,655,360,1015,60,205,270,45,5,50,0,0,0,765,570,1335,7035,5550,0,4665,3885,1555,2460,20,1450,11135,9210,190,390,175,40,10005,12585
0167,10007790,SCOT,The University of Edinburgh,1220,810,480,2510,545,685,70,1300,950,2440,55,3445,0,0,0,0,2710,3935,610,7260,325,980,520,1825,40,75,90,205,25,50,65,135,0,0,0,0,390,1100,675,2165,14590,0,14590,1960,0,1960,3550,25,3575,0,0,0,20100,30,20125,240,400,640,15,30,45,45,70,115,0,0,0,295,505,800,18075,12255,20,13290,10505,3355,3205,0,2925,27430,17495,155,865,785,270,19565,30355
0106,10007762,SCOT,Glasgow Caledonian University,85,480,60,625,20,105,10,135,125,720,0,845,0,0,0,0,235,1305,70,1610,170,545,345,1060,20,20,5,40,35,20,15,65,0,0,0,0,225,580,365,1170,10095,375,10470,485,5,490,285,95,380,0,0,0,10865,470,11340,1290,1085,2375,15,15,30,25,30,55,0,0,0,1330,1130,2460,9880,6700,0,6120,4415,2285,3760,0,1295,15285,13060,325,820,215,110,14535,16580
0097,10002681,SCOT,Glasgow School of Art,15,125,65,200,10,55,15,75,5,150,30,190,0,0,0,0,25,330,110,465,10,5,50,65,0,0,0,0,0,0,5,5,0,0,0,0,10,5,55,70,1095,0,1095,200,0,200,165,15,180,0,0,0,1460,15,1475,10,30,40,0,5,5,0,0,0,0,0,0,10,35,45,1310,730,15,735,805,290,225,0,380,1675,1260,15,40,70,15,1400,2060
0168,10007794,SCOT,The University of Glasgow,925,725,625,2275,260,370,40,670,610,2325,35,2970,0,0,0,0,1795,3420,700,5915,360,575,930,1870,30,40,25,100,35,45,20,105,0,0,0,0,425,665,980,2070,13740,15,13750,2235,5,2240,1430,15,1445,0,0,0,17405,35,17440,345,1345,1690,10,40,50,0,50,55,0,0,0,355,1435,1790,16090,11125,5,10635,9290,3270,4025,0,2025,25195,17510,185,835,480,570,19585,27220
0171,10007764,SCOT,Heriot-Watt University,265,265,10,540,155,270,30,460,320,720,20,1060,0,0,0,0,745,1260,60,2060,45,820,140,1005,15,30,5,55,40,150,10,200,0,5,0,5,105,1010,155,1265,5585,5,5585,350,5,355,820,40,860,0,0,0,6755,45,6800,70,5,75,5,70,75,5,185,190,0,0,0,75,260,335,4285,6175,0,4290,3445,1380,1350,0,900,9560,6055,225,520,245,160,7210,10460
0001,10007773,SCOT,The Open University in Scotland,0,0,0,0,0,0,0,0,0,0,0,0,0,0,0,0,0,0,0,0,0,325,145,470,0,0,0,0,0,0,0,0,0,0,0,0,0,325,145,470,0,0,0,0,0,0,0,0,0,0,0,0,0,0,0,9805,4385,14195,0,0,0,0,0,0,0,0,0,9805,4385,14195,8535,6130,0,1595,1525,2455,9095,0,2745,11920,13805,150,240,235,235,14665,14665
0100,10005337,SCOT,"Queen Margaret University, Edinburgh",25,185,85,290,10,100,25,135,20,100,15,135,0,0,0,0,50,385,125,560,40,485,370,895,15,45,35,95,15,50,15,80,0,0,0,0,70,575,420,1065,2385,30,2415,475,20,495,95,0,95,0,0,0,2955,50,3005,105,495,605,15,15,30,20,0,20,0,0,0,140,510,650,4080,1205,0,1660,1320,690,1615,0,675,4605,3805,100,145,95,60,4205,5285
0104,10005500,SCOT,The Robert Gordon University,25,435,25,485,10,170,0,180,55,705,0,760,0,0,0,0,90,1315,25,1425,70,450,1545,2060,10,20,35,65,20,55,130,205,0,0,0,0,95,525,1710,2330,6455,5,6460,840,0,840,335,0,335,0,0,0,7625,5,7630,1020,250,1265,25,25,50,35,15,50,0,0,0,1080,285,1365,7560,5190,0,4460,3450,1590,3255,0,1560,11190,9250,325,415,260,20,10270,12755
0101,10005561,SCOT,Royal Conservatoire of Scotland,5,85,10,100,0,40,0,40,5,65,0,70,0,0,0,0,10,190,10,210,15,45,0,55,0,5,0,5,0,0,0,0,0,0,0,0,15,45,0,60,635,0,635,85,0,85,90,0,90,0,0,0,815,0,815,0,0,0,0,0,0,0,0,0,0,0,0,0,0,0,605,480,0,495,390,120,80,0,295,790,755,0,10,20,10,790,1080
0173,10007803,SCOT,The University of St Andrews,400,335,15,750,190,505,15,710,285,630,10,925,0,0,0,0,880,1470,35,2390,75,105,40,220,5,30,0,35,5,50,10,65,0,0,0,0,85,185,50,320,4285,0,4285,550,0,550,2195,120,2315,0,0,0,7030,120,7150,100,320,420,0,175,175,0,290,290,0,0,0,105,780,885,6210,4530,5,5585,3325,970,865,0,1265,9480,5140,40,210,200,80,5675,10745
0175,10005700,SCOT,SRUC,0,0,0,0,0,0,0,0,0,0,0,0,0,0,0,0,0,0,0,0,0,55,0,55,0,0,0,0,0,0,0,0,0,0,0,0,0,55,0,55,655,635,1290,30,20,45,5,5,10,0,0,0,690,660,1350,25,140,165,0,5,5,0,5,5,0,0,0,25,150,175,795,785,0,850,280,155,290,0,260,1320,1465,5,10,15,15,1510,1580
0174,10007804,SCOT,The University of Stirling,185,525,0,710,45,160,0,205,110,920,5,1040,0,5,0,5,340,1605,10,1955,175,805,240,1220,15,15,5,30,25,25,0,50,0,0,0,0,210,840,245,1295,6820,260,7075,605,80,685,140,115,255,0,0,0,7565,455,8020,190,360,550,0,5,5,10,0,10,0,0,0,200,365,565,7435,4405,0,4615,3360,1315,2550,0,1675,10165,8910,145,175,275,55,9555,11840
0169,10007805,SCOT,The University of Strathclyde,825,525,975,2320,220,210,55,480,360,800,95,1255,0,0,0,0,1400,1530,1125,4060,150,850,1030,2035,25,80,20,125,25,200,60,285,0,0,0,0,200,1135,1110,2445,11080,0,11080,1025,0,1030,730,25,750,0,0,0,12835,25,12860,380,1685,2070,5,0,5,25,5,30,0,0,0,415,1690,2105,10910,10510,50,8680,5545,2395,4845,0,1415,20050,15510,165,905,285,640,17505,21470
0196,10007114,SCOT,University of the Highlands and Islands,30,25,0,55,5,10,0,15,5,20,0,25,0,0,0,0,40,55,0,95,20,280,70,370,0,5,0,5,5,10,0,15,0,0,0,0,25,295,70,390,2435,2620,5060,100,45,145,25,10,40,0,0,0,2560,2680,5240,770,1890,2655,5,15,20,5,10,15,0,0,0,780,1910,2690,4790,3625,0,3020,1470,920,3005,0,1350,7070,7850,45,95,85,65,8140,8415
0105,10007800,SCOT,The University of the West of Scotland,130,335,305,770,15,25,5,45,115,245,5,365,0,0,0,0,260,605,310,1180,145,435,355,935,10,5,0,10,5,5,5,20,0,0,0,0,160,445,360,965,9830,120,9950,495,0,495,115,230,340,0,0,0,10435,350,10785,1630,915,2545,35,0,35,10,35,45,0,0,0,1680,950,2630,9805,5735,10,5065,3945,2170,4375,0,1460,14095,12855,350,730,195,65,14195,15555
0184,10005343,NIRE,The Queen's University of Belfast,835,695,450,1980,160,115,15,285,335,295,10,640,0,0,0,0,1330,1100,475,2905,265,610,805,1675,115,70,85,270,30,15,10,55,0,0,0,0,410,695,895,2005,13520,110,13630,310,5,315,900,215,1115,0,0,0,14730,325,15055,430,3350,3780,5,55,65,25,40,60,0,0,0,460,3445,3905,13405,10465,0,9285,6615,2475,5495,0,1960,21910,20160,85,375,215,230,21065,23870
0001,10007773,NIRE,The Open University in Northern Ireland,0,0,0,0,0,0,0,0,0,0,0,0,0,0,0,0,0,0,0,0,0,115,35,150,0,0,0,0,0,0,0,0,0,0,0,0,0,115,35,150,0,0,0,0,0,0,0,0,0,0,0,0,0,0,0,3000,590,3590,0,0,0,0,0,0,0,0,0,3000,590,3590,2030,1705,0,120,460,765,2390,0,695,3040,3555,35,30,45,75,3735,3735
0194,10008026,NIRE,St Mary's University College,0,0,20,20,0,0,0,0,0,0,0,0,0,0,0,0,0,0,20,20,0,135,0,135,0,10,0,10,0,0,0,0,0,0,0,0,0,145,0,145,850,0,850,10,0,10,0,0,0,0,0,0,860,0,860,15,0,15,0,0,0,0,0,0,0,0,0,15,0,15,730,310,0,580,295,75,90,0,70,970,1015,0,5,5,0,1020,1040
0193,10008010,NIRE,Stranmillis University College,0,10,15,25,0,0,0,0,0,0,0,0,0,0,0,0,0,10,15,25,0,125,0,125,0,10,0,10,0,0,0,0,0,0,0,0,0,130,5,135,845,120,965,5,0,5,0,0,0,0,0,0,850,120,970,200,100,300,5,0,5,0,0,0,0,0,0,205,100,305,1150,290,0,665,460,125,190,0,100,1340,1405,0,0,5,0,1415,1440
0185,10007807,NIRE,University of Ulster,275,680,225,1180,45,180,10,235,65,320,0,385,0,0,0,0,380,1180,240,1800,120,955,1940,3015,40,245,165,450,10,10,5,25,0,0,0,0,170,1210,2115,3490,14930,55,14990,655,0,655,215,45,260,0,0,0,15800,105,15905,2060,1605,3665,115,140,255,0,40,40,0,0,0,2175,1790,3965,14060,11095,0,9155,7355,2705,5940,0,2320,22835,21795,175,420,190,270,22845,25155
,,,Total England,32655,45375,30065,108090,9705,17055,1415,28175,24740,88375,2720,115835,0,0,0,5,67100,150805,34205,252110,19155,82790,65165,167110,2110,4050,1755,7910,2230,7935,2615,12780,5,325,145,475,23500,95095,69680,188275,964840,30730,995575,58195,915,59110,120340,4600,124940,5,0,5,1143385,36245,1179630,138845,91500,230345,1545,1685,3260,2835,4885,7720,5,0,5,143255,98075,241330,1050815,810210,320,769730,500930,208700,381810,175,211255,1650090,1109855,116740,170905,82295,21325,1501120,1861345
,,,Total Wales,1715,2405,1535,5655,330,670,65,1065,1060,5640,130,6830,0,0,0,0,3105,8715,1730,13550,870,6305,2945,10125,80,265,75,420,140,630,340,1110,0,0,0,0,1090,7200,3360,11655,62990,4080,67070,3365,145,3510,7260,415,7675,0,0,0,73610,4640,78255,7995,15640,23635,35,435,465,85,1030,1115,0,0,0,8115,17105,25220,69935,58690,50,51170,32665,14660,30160,25,15445,113230,94150,2260,4410,3035,2625,106480,128675
,,,Total Scotland,4795,5835,3370,14000,1770,3365,320,5450,3620,11340,305,15265,0,5,0,5,10185,20545,3990,34715,1960,8960,8560,19480,245,510,295,1050,300,780,385,1465,0,5,0,5,2500,10255,9240,21995,114875,4100,118975,13345,245,13590,11395,780,12175,0,0,0,139615,5130,144745,17375,14800,32175,210,645,855,240,835,1075,0,0,0,17825,16285,34105,136550,98905,110,87905,67050,28855,51725,25,25150,210415,165365,2860,7365,4240,4795,184630,235565
,,,Total Northern Ireland,1110,1380,710,3200,205,295,25,525,400,615,10,1025,0,0,0,0,1710,2290,750,4750,385,1935,2780,5100,155,335,250,740,40,30,15,80,0,0,0,0,580,2300,3045,5925,30150,285,30435,975,5,985,1115,260,1375,0,0,0,32245,550,32795,5700,5650,11350,125,195,325,25,80,105,0,0,0,5850,5925,11775,31380,23865,0,19810,15185,6145,14105,0,5140,50100,47930,295,825,460,575,50085,55245
,,,Total UK,40270,54995,35680,130945,12005,21385,1825,35215,29820,105970,3165,138955,0,5,0,5,82100,182355,40670,305120,22365,99990,79450,201810,2590,5155,2375,10125,2710,9375,3350,15435,5,330,145,485,27675,114850,85325,227850,1172855,39200,1212055,75880,1315,77195,140115,6050,146165,5,0,5,1388855,46565,1435420,169915,127595,297505,1945,2960,4905,3185,6830,10015,5,5,10,175045,137390,312435,1288680,991670,480,928610,615830,258360,477805,225,256995,2023835,1417300,122150,183510,90030,29320,1842315,2280830